<prezi xsi:schemaLocation="http://prezi.com/schema/prezi/2 http://prezi.com/schema/prezi/2" xmlns:xsi="http://www.w3.org/2001/XMLSchema-instance" version="2" xmlns="http://prezi.com/schema/prezi/2"><xFields><xField name="preziType"><xEnum type="PreziType" value="converted-from-core"/></xField></xFields><documentStyle><documentStyle><fontClasses><array><fontClass><fontFamily><string value="Arsenal"/></fontFamily><name><string value="body"/></name></fontClass><fontClass><fontFamily><string value="Arsenal"/></fontFamily><fontWeight><fontWeight value="bold"/></fontWeight><name><string value="head"/></name></fontClass><fontClass><fontFamily><string value="Arsenal"/></fontFamily><fontStyle><fontStyle value="italic"/></fontStyle><fontWeight><fontWeight value="bold"/></fontWeight><name><string value="strong"/></name></fontClass></array></fontClasses><fontFamilies><array><fontFamily><fontFaces><array><fontFace><fontSrc><string value="Arsenal-Regular.keg"/></fontSrc></fontFace><fontFace><fontSrc><string value="Arsenal-Bold.keg"/></fontSrc><fontWeight><fontWeight value="bold"/></fontWeight></fontFace><fontFace><fontSrc><string value="Arsenal-BoldItalic.keg"/></fontSrc><fontStyle><fontStyle value="italic"/></fontStyle><fontWeight><fontWeight value="bold"/></fontWeight></fontFace><fontFace><fontSrc><string value="Arsenal-Italic.keg"/></fontSrc><fontStyle><fontStyle value="italic"/></fontStyle></fontFace></array></fontFaces><name><string value="Arsenal"/></name></fontFamily></array></fontFamilies><styleDeclarations><array><styleDeclaration><styleBlock><styleBlock><gradEndAlpha><double value="0.7"/></gradEndAlpha><gradStartAlpha><double value="0.5"/></gradStartAlpha></styleBlock></styleBlock><styleSelector><simpleSelector value="zCircle"/></styleSelector></styleDeclaration><styleDeclaration><styleBlock><styleBlock><color><color value="#8E0011"/></color><gradEndColor><color value="#8E0011"/></gradEndColor><gradStartColor><color value="#8E0011"/></gradStartColor><fillType><fillType value="linear"/></fillType></styleBlock></styleBlock><styleSelector><simpleSelector value="*.line1"/></styleSelector></styleDeclaration><styleDeclaration><styleBlock><styleBlock><color><color value="#C94612"/></color><gradEndColor><color value="#C94612"/></gradEndColor><gradStartColor><color value="#C94612"/></gradStartColor><fillType><fillType value="linear"/></fillType></styleBlock></styleBlock><styleSelector><simpleSelector value="*.line2"/></styleSelector></styleDeclaration><styleDeclaration><styleBlock><styleBlock><color><color value="#FF8007"/></color><gradEndColor><color value="#FF8007"/></gradEndColor><gradStartColor><color value="#FF8007"/></gradStartColor><fillType><fillType value="linear"/></fillType></styleBlock></styleBlock><styleSelector><simpleSelector value="*.line3"/></styleSelector></styleDeclaration><styleDeclaration><styleBlock><styleBlock><color><color value="#FFBB00"/></color><gradEndColor><color value="#FFBB00"/></gradEndColor><gradStartColor><color value="#FFBB00"/></gradStartColor><fillType><fillType value="linear"/></fillType></styleBlock></styleBlock><styleSelector><simpleSelector value="*.line4"/></styleSelector></styleDeclaration><styleDeclaration><styleBlock><styleBlock><color><color value="#FFE100"/></color><gradEndColor><color value="#FFE100"/></gradEndColor><gradStartColor><color value="#FFE100"/></gradStartColor><fillType><fillType value="linear"/></fillType></styleBlock></styleBlock><styleSelector><simpleSelector value="*.line5"/></styleSelector></styleDeclaration><styleDeclaration><styleBlock><styleBlock><gradEndColor><color value="#8E0011"/></gradEndColor><gradStartColor><color value="#8E0011"/></gradStartColor><fillType><fillType value="linear"/></fillType><borderColor><color value="#8E0011"/></borderColor><borderThickness><double value="9"/></borderThickness></styleBlock></styleBlock><styleSelector><simpleSelector value="*.poly1"/></styleSelector></styleDeclaration><styleDeclaration><styleBlock><styleBlock><gradEndColor><color value="#C94612"/></gradEndColor><gradStartColor><color value="#C94612"/></gradStartColor><fillType><fillType value="linear"/></fillType><borderColor><color value="#C94612"/></borderColor><borderThickness><double value="0"/></borderThickness></styleBlock></styleBlock><styleSelector><simpleSelector value="*.poly2"/></styleSelector></styleDeclaration><styleDeclaration><styleBlock><styleBlock><gradEndColor><color value="#FF8007"/></gradEndColor><gradStartColor><color value="#FF8007"/></gradStartColor><fillType><fillType value="linear"/></fillType><borderColor><color value="#FF8007"/></borderColor><borderThickness><double value="9"/></borderThickness></styleBlock></styleBlock><styleSelector><simpleSelector value="*.poly3"/></styleSelector></styleDeclaration><styleDeclaration><styleBlock><styleBlock><gradEndColor><color value="#FFBB00"/></gradEndColor><gradStartColor><color value="#FFBB00"/></gradStartColor><fillType><fillType value="linear"/></fillType><borderColor><color value="#FFBB00"/></borderColor><borderThickness><double value="0"/></borderThickness></styleBlock></styleBlock><styleSelector><simpleSelector value="*.poly4"/></styleSelector></styleDeclaration><styleDeclaration><styleBlock><styleBlock><gradEndColor><color value="#FFE100"/></gradEndColor><gradStartColor><color value="#FFE100"/></gradStartColor><fillType><fillType value="linear"/></fillType><borderColor><color value="#FFE100"/></borderColor><borderThickness><double value="9"/></borderThickness></styleBlock></styleBlock><styleSelector><simpleSelector value="*.poly5"/></styleSelector></styleDeclaration><styleDeclaration><styleBlock><styleBlock><gradEndColor><color value="#4F7E8A"/></gradEndColor><gradStartColor><color value="#4F7E8A"/></gradStartColor><fillType><fillType value="linear"/></fillType></styleBlock></styleBlock><styleSelector><simpleSelector value="background"/></styleSelector></styleDeclaration><styleDeclaration><styleBlock><styleBlock><gradEndColor><color value="#FFF808"/></gradEndColor><gradStartColor><color value="#FFF808"/></gradStartColor><fillType><fillType value="linear"/></fillType><borderColor><color value="#FFFFFF"/></borderColor><borderThickness><double value="-1"/></borderThickness><thickness><double value="7"/></thickness></styleBlock></styleBlock><styleSelector><simpleSelector value="zArrow"/></styleSelector></styleDeclaration><styleDeclaration><styleBlock><styleBlock><gradEndAlpha><double value="1"/></gradEndAlpha><gradStartAlpha><double value="1"/></gradStartAlpha><borderAlpha><double value="1"/></borderAlpha><radius><double value="0"/></radius><thickness><double value="100"/></thickness></styleBlock></styleBlock><styleSelector><simpleSelector value="zCircle"/></styleSelector></styleDeclaration><styleDeclaration><styleBlock><styleBlock><color><color value="#FFF808"/></color></styleBlock></styleBlock><styleSelector><simpleSelector value="zPencil"/></styleSelector></styleDeclaration><styleDeclaration><styleBlock><styleBlock><gradEndColor><color value="#8E0011"/></gradEndColor><gradStartColor><color value="#8E0011"/></gradStartColor><fillType><fillType value="linear"/></fillType><borderColor><color value="#8E0011"/></borderColor><borderThickness><double value="0"/></borderThickness><padding><double value="1.03"/></padding><thickness><double value="8"/></thickness></styleBlock></styleBlock><styleSelector><simpleSelector value="zBracketFrame"/></styleSelector></styleDeclaration><styleDeclaration><styleBlock><styleBlock><gradEndColor><color value="#FF8007"/></gradEndColor><gradStartColor><color value="#FF8007"/></gradStartColor><fillType><fillType value="linear"/></fillType><borderColor><color value="#FF8007"/></borderColor><borderThickness><double value="0"/></borderThickness><padding><double value="1.03"/></padding><thickness><double value="8"/></thickness></styleBlock></styleBlock><styleSelector><simpleSelector value="zCircleFrame"/></styleSelector></styleDeclaration><styleDeclaration><styleBlock><styleBlock><gradEndAlpha><double value="0.7"/></gradEndAlpha><gradEndColor><color value="#FFBB00"/></gradEndColor><gradStartAlpha><double value="0.7"/></gradStartAlpha><gradStartColor><color value="#FFBB00"/></gradStartColor><fillType><fillType value="linear"/></fillType><borderAlpha><double value="1"/></borderAlpha><borderColor><color value="#FFE100"/></borderColor><borderThickness><double value="20"/></borderThickness><padding><double value="1.03"/></padding><radius><double value="10"/></radius></styleBlock></styleBlock><styleSelector><simpleSelector value="zRectangleFrame"/></styleSelector></styleDeclaration><styleDeclaration><styleBlock><styleBlock><padding><double value="1.2"/></padding></styleBlock></styleBlock><styleSelector><simpleSelector value="zText"/></styleSelector></styleDeclaration><styleDeclaration><styleBlock><styleBlock><color><color value="#F6F6F6"/></color><fontClass><string value="body"/></fontClass></styleBlock></styleBlock><styleSelector><simpleSelector value="zText.body"/></styleSelector></styleDeclaration><styleDeclaration><styleBlock><styleBlock><backgroundAlpha><double value="0.9"/></backgroundAlpha><backgroundColor><color value="#C94612"/></backgroundColor><backgroundPadding><double value="7"/></backgroundPadding></styleBlock></styleBlock><styleSelector><simpleSelector value="zText.body-background"/></styleSelector></styleDeclaration><styleDeclaration><styleBlock><styleBlock><color><color value="#F6F6F6"/></color><fontClass><string value="head"/></fontClass></styleBlock></styleBlock><styleSelector><simpleSelector value="zText.title"/></styleSelector></styleDeclaration><styleDeclaration><styleBlock><styleBlock><backgroundAlpha><double value="0.9"/></backgroundAlpha><backgroundColor><color value="#C94612"/></backgroundColor><backgroundPadding><double value="4"/></backgroundPadding></styleBlock></styleBlock><styleSelector><simpleSelector value="zText.title-background"/></styleSelector></styleDeclaration><styleDeclaration><styleBlock><styleBlock><color><color value="#FFBB00"/></color><fontClass><string value="strong"/></fontClass></styleBlock></styleBlock><styleSelector><simpleSelector value="zText.subtitle"/></styleSelector></styleDeclaration><styleDeclaration><styleBlock><styleBlock><backgroundAlpha><double value="0.9"/></backgroundAlpha><backgroundColor><color value="#8E0011"/></backgroundColor><backgroundPadding><double value="4"/></backgroundPadding></styleBlock></styleBlock><styleSelector><simpleSelector value="zText.subtitle-background"/></styleSelector></styleDeclaration><styleDeclaration><styleBlock><styleBlock><color><color value="#FFF808"/></color></styleBlock></styleBlock><styleSelector><simpleSelector value="zLine"/></styleSelector></styleDeclaration><styleDeclaration><styleBlock><styleBlock><color><color value="#00E3FF"/></color><alpha><double value="0.65"/></alpha></styleBlock></styleBlock><styleSelector><simpleSelector value="zMarker"/></styleSelector></styleDeclaration><styleDeclaration><styleBlock><styleBlock><gradEndAlpha><double value="1"/></gradEndAlpha><gradStartAlpha><double value="1"/></gradStartAlpha><borderAlpha><double value="1"/></borderAlpha><radius><double value="0"/></radius><thickness><double value="100"/></thickness></styleBlock></styleBlock><styleSelector><simpleSelector value="zTriangle"/></styleSelector></styleDeclaration><styleDeclaration><styleBlock><styleBlock><gradEndAlpha><double value="1"/></gradEndAlpha><gradStartAlpha><double value="1"/></gradStartAlpha><borderAlpha><double value="1"/></borderAlpha><radius><double value="0"/></radius><thickness><double value="100"/></thickness></styleBlock></styleBlock><styleSelector><simpleSelector value="zSquare"/></styleSelector></styleDeclaration><styleDeclaration><styleBlock><styleBlock><thickness><double value="7"/></thickness></styleBlock></styleBlock><styleSelector><simpleSelector value="#29_54607785"/></styleSelector></styleDeclaration><styleDeclaration><styleBlock><styleBlock><thickness><double value="7"/></thickness></styleBlock></styleBlock><styleSelector><simpleSelector value="#30_54607785"/></styleSelector></styleDeclaration><styleDeclaration><styleBlock><styleBlock><thickness><double value="7"/></thickness></styleBlock></styleBlock><styleSelector><simpleSelector value="#36_54607785"/></styleSelector></styleDeclaration><styleDeclaration><styleBlock><styleBlock><thickness><double value="8"/></thickness></styleBlock></styleBlock><styleSelector><simpleSelector value="#38_95982358"/></styleSelector></styleDeclaration><styleDeclaration><styleBlock><styleBlock><thickness><double value="8"/></thickness></styleBlock></styleBlock><styleSelector><simpleSelector value="#39_95982358"/></styleSelector></styleDeclaration><styleDeclaration><styleBlock><styleBlock><thickness><double value="8"/></thickness></styleBlock></styleBlock><styleSelector><simpleSelector value="#62_95982358"/></styleSelector></styleDeclaration><styleDeclaration><styleBlock><styleBlock><thickness><double value="8"/></thickness></styleBlock></styleBlock><styleSelector><simpleSelector value="#63_95982358"/></styleSelector></styleDeclaration><styleDeclaration><styleBlock><styleBlock><thickness><double value="8"/></thickness></styleBlock></styleBlock><styleSelector><simpleSelector value="#64_95982358"/></styleSelector></styleDeclaration><styleDeclaration><styleBlock><styleBlock><thickness><double value="8"/></thickness></styleBlock></styleBlock><styleSelector><simpleSelector value="#67_95982358"/></styleSelector></styleDeclaration><styleDeclaration><styleBlock><styleBlock><thickness><double value="8"/></thickness></styleBlock></styleBlock><styleSelector><simpleSelector value="#71_95982358"/></styleSelector></styleDeclaration><styleDeclaration><styleBlock><styleBlock><thickness><double value="5"/></thickness></styleBlock></styleBlock><styleSelector><simpleSelector value="#91_95982358"/></styleSelector></styleDeclaration></array></styleDeclarations></documentStyle></documentStyle><path><array><flyToObject><target><ref value="0"/></target></flyToObject><flyToObject><target><ref value="37_95982358"/></target></flyToObject><flyToObject><target><ref value="104_95982358"/></target></flyToObject><flyToObject><target><ref value="107_95982358"/></target></flyToObject><flyToObject><target><ref value="2_54607785"/></target></flyToObject><flyToObject><target><ref value="97_95982358"/></target></flyToObject><flyToObject><target><ref value="23_95982358"/></target></flyToObject><flyToObject><target><ref value="5_54607785"/></target></flyToObject><flyToObject><target><ref value="12_54607785"/></target></flyToObject><flyToObject><target><ref value="15_54607785"/></target></flyToObject><flyToObject><target><ref value="16_54607785"/></target></flyToObject><flyToObject><target><ref value="19_54607785"/></target></flyToObject><flyToObject><target><ref value="24_54607785"/></target></flyToObject><flyToObject><target><ref value="19_54607785"/></target></flyToObject><flyToObject><target><ref value="31_54607785"/></target></flyToObject><flyToObject><target><ref value="37_54607785"/></target></flyToObject></array></path><zObjects><array><zGroup><id><string value="0_30863873"/></id><children><array><ref value="38_95982358"/><ref value="39_95982358"/><ref value="62_95982358"/><ref value="63_95982358"/><ref value="64_95982358"/><ref value="67_95982358"/></array></children><localToWorld><transform2D x="25012.105081531103" y="629.2820714708614" scale="109.0619851522778" rotation="0"/></localToWorld></zGroup><zLine><id><string value="38_95982358"/></id><startEndDistance><double value="473.8916169809508"/></startEndDistance><styleClasses><array><token value="line3"/></array></styleClasses><localToWorld><transform2D x="24787.90037177557" y="-24054.128243788884" scale="54.890560313292234" rotation="1.2594776456289914E-16"/></localToWorld></zLine><zLine><id><string value="39_95982358"/></id><startEndDistance><double value="473.89161698095086"/></startEndDistance><styleClasses><array><token value="line3"/></array></styleClasses><localToWorld><transform2D x="25236.309791286636" y="25312.692386730607" scale="54.890560313292234" rotation="1.2594776456289914E-16"/></localToWorld></zLine><zLine><id><string value="62_95982358"/></id><startEndDistance><double value="259.1702552309108"/></startEndDistance><arcHeight><double value="-288.2582933188027"/></arcHeight><styleClasses><array><token value="line3"/></array></styleClasses><localToWorld><transform2D x="24945.976984487508" y="-14210.478272348986" scale="54.89056031329203" rotation="1.266200827622331E-4"/></localToWorld></zLine><zLine><id><string value="63_95982358"/></id><startEndDistance><double value="351.69417768753465"/></startEndDistance><styleClasses><array><token value="line3"/></array></styleClasses><localToWorld><transform2D x="24656.81375356287" y="525.0190126382788" scale="54.89056031329222" rotation="0.7853981633974482"/></localToWorld></zLine><zLine><id><string value="64_95982358"/></id><startEndDistance><double value="358.76882683035853"/></startEndDistance><styleClasses><array><token value="line3"/></array></styleClasses><localToWorld><transform2D x="25096.029767190845" y="662.6741614763162" scale="54.890560313292205" rotation="2.356194490192345"/></localToWorld></zLine><zLine><id><string value="67_95982358"/></id><startEndDistance><double value="243.29685928278695"/></startEndDistance><arcHeight><double value="-288.2582933188027"/></arcHeight><styleClasses><array><token value="line3"/></array></styleClasses><localToWorld><transform2D x="24967.367892388454" y="15396.185095735322" scale="54.89056031329223" rotation="3.121259413353831"/></localToWorld></zLine><zInvisibleFrame><id><string value="37_95982358"/></id><width><double value="955.722801015969"/></width><height><double value="600"/></height><styleClasses><array><token value="invisible"/></array></styleClasses><localToWorld><transform2D x="1.7896214106793264E-12" y="0" scale="117.07321611504943" rotation="0"/></localToWorld></zInvisibleFrame><zLine><id><string value="71_95982358"/></id><startEndDistance><double value="390.04639473623655"/></startEndDistance><styleClasses><array><token value="line3"/></array></styleClasses><localToWorld><transform2D x="-34623.48127900559" y="977.7101122266688" scale="26.486837668083805" rotation="0"/></localToWorld></zLine><zCircleFrame><id><string value="97_95982358"/></id><width><double value="800"/></width><height><double value="800"/></height><styleClasses><array><token value="circle"/></array></styleClasses><localToWorld><transform2D x="24943.04855181803" y="-1639.47615880944" scale="3.5812302316319653" rotation="0"/></localToWorld></zCircleFrame><zArrow><id><string value="91_95982358"/></id><startEndDistance><double value="96.94114270490685"/></startEndDistance><styleClasses><array><token value="line4"/></array></styleClasses><localToWorld><transform2D x="24899.813543776578" y="2417.6489063125123" scale="22.10819275291799" rotation="1.5707963267948966"/></localToWorld></zArrow><zCircleFrame><id><string value="23_95982358"/></id><width><double value="790.18994140625"/></width><height><double value="790.18994140625"/></height><styleClasses><array><token value="circle"/></array></styleClasses><localToWorld><transform2D x="24899.9" y="6490.950000000001" scale="7.59632321194363" rotation="0"/></localToWorld></zCircleFrame><zText><id><string value="68_95982358"/></id><text><text><width>220.4993900181616</width><p align="center"><span><![CDATA[Title compared with Age]]></span></p></text></text><styleClasses><array><token value="title"/></array></styleClasses><localToWorld><transform2D x="24688.222056029535" y="4976.311369433028" scale="14.04772465225846" rotation="-2.7955420617360916E-33"/></localToWorld></zText><zText><id><string value="102_95982358"/></id><text><text><width>220.4993900181616</width><p align="center"><span><![CDATA[Missing Values]]></span></p></text></text><styleClasses><array><token value="subtitle"/></array></styleClasses><localToWorld><transform2D x="24930.494336969623" y="-2355.3902279212152" scale="7.895082543310725" rotation="-2.7955420617360913E-33"/></localToWorld></zText><zText><id><string value="103_95982358"/></id><text><text><width>390.9237784827681</width><p><span><![CDATA[Age         263]]></span></p><p><span><![CDATA[Cabin      1014]]></span></p><p><span><![CDATA[Emarked  2]]></span></p></text></text><styleClasses><array><token value="body"/></array></styleClasses><localToWorld><transform2D x="25291.690393290675" y="-1857.5592316741036" scale="5.50715057516111" rotation="-4.845002627262797E-33"/></localToWorld></zText><zCircleFrame><id><string value="104_95982358"/></id><width><double value="800"/></width><height><double value="800"/></height><styleClasses><array><token value="circle"/></array></styleClasses><localToWorld><transform2D x="24550.74254313331" y="-18793.04575502838" scale="7.596245504162291" rotation="0"/></localToWorld></zCircleFrame><zText><id><string value="105_95982358"/></id><text><text><width>220.4993900181616</width><p align="center"><span><![CDATA[Objective]]></span></p></text></text><styleClasses><array><token value="subtitle"/></array></styleClasses><localToWorld><transform2D x="24524.113454263777" y="-20311.59068990081" scale="16.74647576268354" rotation="-2.7955420617360913E-33"/></localToWorld></zText><zText><id><string value="106_95982358"/></id><text><text><width>390.9237784827681</width><p><span><![CDATA[To find out how many passengers survived based on multiple features.]]></span></p><p/><p><span><![CDATA[Few features are mentioned below]]></span></p></text></text><styleClasses><array><token value="body"/></array></styleClasses><localToWorld><transform2D x="24518.994778677326" y="-19117.027653521098" scale="9.662631990537111" rotation="-4.845002627262792E-33"/></localToWorld></zText><zCircleFrame><id><string value="107_95982358"/></id><width><double value="800"/></width><height><double value="800"/></height><styleClasses><array><token value="circle"/></array></styleClasses><localToWorld><transform2D x="24943.75745317091" y="-12500.19933563308" scale="7.596253172406811" rotation="0"/></localToWorld></zCircleFrame><zText><id><string value="108_95982358"/></id><text><text><width>220.4993900181616</width><p align="center"><span><![CDATA[Correlation Survived Vs other features]]></span></p></text></text><styleClasses><array><token value="subtitle"/></array></styleClasses><localToWorld><transform2D x="24749.283272955698" y="-13817.955356355626" scale="15.22408424353307" rotation="-2.7955420617360906E-33"/></localToWorld></zText><zText><id><string value="0"/></id><text><text><width>-68.928</width><p><span><![CDATA[Titanic]]></span></p></text></text><styleClasses><array><token value="title"/></array></styleClasses><localToWorld><transform2D x="-35555.95217391438" y="-3071.301076963151" scale="139.2836409735803" rotation="0"/></localToWorld></zText><zText><id><string value="1"/></id><text><text><width>-162.38400000000001</width><p><span><![CDATA[By:-Ankur Kumar]]></span></p></text></text><styleClasses><array><token value="body"/></array></styleClasses><localToWorld><transform2D x="-33334.088317825874" y="1810.7425591654437" scale="86.48418263381184" rotation="0"/></localToWorld></zText><zText><id><string value="0_54607785"/></id><text><text><width>-94.44</width><p indent="1" listType="bullet"><span><![CDATA[Name]]></span></p><p indent="1" listType="bullet"><span><![CDATA[Age]]></span></p><p indent="1" listType="bullet"><span><![CDATA[Sex]]></span></p><p indent="1" listType="bullet"><span><![CDATA[Pclass]]></span></p></text></text><styleClasses><array><token value="body"/></array></styleClasses><localToWorld><transform2D x="23319.67516259093" y="-17703.40723979609" scale="9.662631990537111" rotation="0"/></localToWorld></zText><zImage><id><string value="1_54607785"/></id><onlineAssetId><string value="883851549"/></onlineAssetId><onlineAssetUrl><string value="http://0103.static.prezi.com.s3.amazonaws.com/media/0/1/3/3/b/b3ee5ae40c9ad07b0740fb6b310.png"/></onlineAssetUrl><assetSourceFilename><string value="Heatmap.png"/></assetSourceFilename><width><double value="356"/></width><height><double value="254"/></height><localToWorld><transform2D x="24956.54960352726" y="-11926.34325995564" scale="9.740478221930609" rotation="0"/></localToWorld></zImage><zCircleFrame><id><string value="2_54607785"/></id><width><double value="800"/></width><height><double value="800"/></height><styleClasses><array><token value="circle"/></array></styleClasses><localToWorld><transform2D x="24942.41528268872" y="-6236.588499676816" scale="7.59626341909794" rotation="0"/></localToWorld></zCircleFrame><zImage><id><string value="4_54607785"/></id><onlineAssetId><string value="883897425"/></onlineAssetId><onlineAssetUrl><string value="http://0103.static.prezi.com.s3.amazonaws.com/media/7/f/7/8/2/36f8ff7423db127c4bea8aa689a.png"/></onlineAssetUrl><assetSourceFilename><string value="age_survived.png"/></assetSourceFilename><width><double value="418"/></width><height><double value="208"/></height><localToWorld><transform2D x="24941.410685441624" y="-5767.835541774568" scale="11.204865575224106" rotation="0"/></localToWorld></zImage><zText><id><string value="3_54607785"/></id><text><text><width>195.69600000000003</width><p><span><![CDATA[Age and Survived Relation]]></span></p><p/></text></text><styleClasses><array><token value="body"/></array></styleClasses><localToWorld><transform2D x="25007.944416979717" y="-7507.653310016245" scale="16.0315924870963" rotation="0"/></localToWorld></zText><zCircleFrame><id><string value="5_54607785"/></id><width><double value="800"/></width><height><double value="800"/></height><styleClasses><array><token value="circle"/></array></styleClasses><localToWorld><transform2D x="25254.55" y="12662.05" scale="7.596240329537998" rotation="0"/></localToWorld></zCircleFrame><zText><id><string value="6_54607785"/></id><text><text><width>250.56</width><p><span><![CDATA[Replacement and Imputation of Data]]></span></p></text></text><styleClasses><array><token value="title"/></array></styleClasses><localToWorld><transform2D x="25245.084749136306" y="11125.001579865726" scale="12.476663810717408" rotation="0"/></localToWorld></zText><zText><id><string value="7_54607785"/></id><text><text><width>425.52</width><p><span><![CDATA[Few titles have been replaced by the value 'other' in order to make them categorical]]></span></p></text></text><styleClasses><array><token value="body"/></array></styleClasses><localToWorld><transform2D x="25699.456489068536" y="12311.852731676452" scale="11.342421646106734" rotation="0"/></localToWorld></zText><zText><id><string value="8_54607785"/></id><text><text><width>246.71999999999997</width><p><span><![CDATA[Since Cabin had high number of missing values, I dropped this feature]]></span></p></text></text><styleClasses><array><token value="body"/></array></styleClasses><localToWorld><transform2D x="24896.429632099873" y="-914.9183446914764" scale="5.50715057516111" rotation="0"/></localToWorld></zText><zText><id><string value="9_54607785"/></id><text><text><width>413.256</width><p><span><![CDATA[I replaced the NAN value of age with the mean of respective Titles]]></span></p></text></text><styleClasses><array><token value="body"/></array></styleClasses><localToWorld><transform2D x="25629.82669887601" y="13094.802406340847" scale="11.342421646106734" rotation="0"/></localToWorld></zText><zText><id><string value="10_54607785"/></id><text><text><width>388.608</width><p><span><![CDATA[Replaced the Nan Values of Embarked with S since this is the most appearing value]]></span></p></text></text><styleClasses><array><token value="body"/></array></styleClasses><localToWorld><transform2D x="25490.047029427296" y="14100.084750374583" scale="11.342421646106734" rotation="0"/></localToWorld></zText><zImage><id><string value="11_54607785"/></id><onlineAssetId><string value="884665605"/></onlineAssetId><onlineAssetUrl><string value="http://0103.static.prezi.com.s3.amazonaws.com/media/b/0/8/7/9/4ac49694627814ed66e2d1ead33.png"/></onlineAssetUrl><assetSourceFilename><string value="title.png"/></assetSourceFilename><width><double value="384"/></width><height><double value="316"/></height><localToWorld><transform2D x="24813.543737700387" y="7028.30552053263" scale="10.176167647857346" rotation="0"/></localToWorld></zImage><zCircleFrame><id><string value="12_54607785"/></id><width><double value="800"/></width><height><double value="800"/></height><styleClasses><array><token value="circle"/></array></styleClasses><localToWorld><transform2D x="25255.603158303555" y="17583.66004701225" scale="3.633791822922593" rotation="0"/></localToWorld></zCircleFrame><zText><id><string value="13_54607785"/></id><text><text><width>-163.872</width><p><span><![CDATA[Algorithms Used]]></span></p></text></text><styleClasses><array><token value="title"/></array></styleClasses><localToWorld><transform2D x="25243.893863839305" y="16818.734056362588" scale="9.455396402148516" rotation="0"/></localToWorld></zText><zText><id><string value="14_54607785"/></id><text><text><width>-250.63200000000003</width><p><span><![CDATA[* Random Forest Classifier]]></span></p><p><span><![CDATA[* KNNeighbors Classifier]]></span></p><p><span><![CDATA[* Logistic Regression]]></span></p></text></text><styleClasses><array><token value="body"/></array></styleClasses><localToWorld><transform2D x="25185.760066036943" y="17692.136132030202" scale="7.814377191858276" rotation="0"/></localToWorld></zText><zCircleFrame><id><string value="15_54607785"/></id><width><double value="800"/></width><height><double value="800"/></height><styleClasses><array><token value="circle"/></array></styleClasses><localToWorld><transform2D x="25204.704041166653" y="21103.35526406974" scale="5.1776376178420565" rotation="0"/></localToWorld></zCircleFrame><zText><id><string value="17_54607785"/></id><text><text><width>412.9920000000001</width><p><span><![CDATA[I have used Accuracy_score as a performance measure metric]]></span></p></text></text><styleClasses><array><token value="body"/></array></styleClasses><localToWorld><transform2D x="25290.44073317295" y="20689.141487279787" scale="8.521729260786424" rotation="0"/></localToWorld></zText><zText><id><string value="18_54607785"/></id><text><text><width>-127.656</width><p><span><![CDATA[Performance]]></span></p></text></text><styleClasses><array><token value="title"/></array></styleClasses><localToWorld><transform2D x="25216.613012056256" y="19898.860975388496" scale="17.447246021651356" rotation="0"/></localToWorld></zText><zText><id><string value="19_54607785"/></id><text><text><width>542.3194755916484</width><p><span><![CDATA[Model                                                    Accuracy Score              ]]></span></p><p><span><![CDATA[ RandomForestClassifier                      0.798883                  ]]></span></p><p><span><![CDATA[ KNeighborsClassifier                           0.743017                   ]]></span></p><p><span><![CDATA[ LogisticRegression                                0.843575                   ]]></span></p></text></text><styleClasses><array><token value="body"/></array></styleClasses><localToWorld><transform2D x="25255.941101112025" y="21571.259157541284" scale="6.361688666645671" rotation="0"/></localToWorld></zText><zCircleFrame><id><string value="16_54607785"/></id><width><double value="800"/></width><height><double value="800"/></height><styleClasses><array><token value="circle"/></array></styleClasses><localToWorld><transform2D x="28300.958397929546" y="19986.334378575815" scale="0.9026177850003922" rotation="0"/></localToWorld></zCircleFrame><zText><id><string value="20_54607785"/></id><text><text><width>-217.70400000000004</width><p><span><![CDATA[Random Forest Results]]></span></p></text></text><styleClasses><array><token value="body"/></array></styleClasses><localToWorld><transform2D x="28306.228398748503" y="19799.853004142315" scale="1.9163639341639245" rotation="0"/></localToWorld></zText><zText><id><string value="21_54607785"/></id><text><text><width>-404.616</width><p><span><![CDATA[With n_estimators=2500  accuracy: 0.837 ]]></span></p></text></text><styleClasses><array><token value="body"/></array></styleClasses><localToWorld><transform2D x="28274.036875568367" y="19950.86303439223" scale="1.1899112294639114" rotation="0"/></localToWorld></zText><zText><id><string value="22_54607785"/></id><text><text><width>644.0826288227961</width><p><span><![CDATA[With n_estimators=2500 and max_depth=4 accuracy: 0.798]]></span></p></text></text><styleClasses><array><token value="body"/></array></styleClasses><localToWorld><transform2D x="28349.992267007616" y="20067.61412908024" scale="0.9833977103007536" rotation="0"/></localToWorld></zText><zText><id><string value="23_54607785"/></id><text><text><width>-547.248</width><p><span><![CDATA[With n_estimators=50 and max_depth=5 accuracy: 0.821]]></span></p></text></text><styleClasses><array><token value="body"/></array></styleClasses><localToWorld><transform2D x="28316.00197199441" y="20154.71116316469" scale="0.9833977103007536" rotation="0"/></localToWorld></zText><zCircleFrame><id><string value="24_54607785"/></id><width><double value="800"/></width><height><double value="800"/></height><styleClasses><array><token value="circle"/></array></styleClasses><localToWorld><transform2D x="28443.823329221465" y="20870.25724320893" scale="1.1588032835503592" rotation="0"/></localToWorld></zCircleFrame><zText><id><string value="25_54607785"/></id><text><text><width>-208.392</width><p><span><![CDATA[K Nearest Neighbours]]></span></p></text></text><styleClasses><array><token value="body"/></array></styleClasses><localToWorld><transform2D x="28427.999241551835" y="20621.66836119888" scale="1.8838199606702817" rotation="0"/></localToWorld></zText><zText><id><string value="26_54607785"/></id><text><text><width>633.2532314323402</width><p><span><![CDATA[With n_neighbors=11 and weights="Distance" accuracy: 0.759777]]></span></p></text></text><styleClasses><array><token value="body"/></array></styleClasses><localToWorld><transform2D x="28458.207190320303" y="20783.318952024" scale="1.2866743806231002" rotation="0"/></localToWorld></zText><zText><id><string value="27_54607785"/></id><text><text><width>591.3852491888796</width><p><span><![CDATA[With n_neighbors=9 and weights='uniform' accuracy: 0.754 ]]></span></p></text></text><styleClasses><array><token value="body"/></array></styleClasses><localToWorld><transform2D x="28431.363875757033" y="20888.1535328353" scale="1.2866743806231002" rotation="0"/></localToWorld></zText><zText><id><string value="28_54607785"/></id><text><text><width>596.6187469693122</width><p><span><![CDATA[With n_neighbors=5 and weights='distance' accuracy: 0.759]]></span></p></text></text><styleClasses><array><token value="body"/></array></styleClasses><localToWorld><transform2D x="28434.76764416355" y="21010.506352606448" scale="1.2866743806231002" rotation="0"/></localToWorld></zText><zArrow><id><string value="29_54607785"/></id><startEndDistance><double value="412.8523772830929"/></startEndDistance><styleClasses><array><token value="line3"/></array></styleClasses><localToWorld><transform2D x="26482.914515646964" y="20721.508098116577" scale="7.665455736655697" rotation="-0.4487711263584151"/></localToWorld></zArrow><zArrow><id><string value="30_54607785"/></id><startEndDistance><double value="412.4610008268069"/></startEndDistance><arcHeight><double value="-45.19198114715349"/></arcHeight><styleClasses><array><token value="line3"/></array></styleClasses><localToWorld><transform2D x="26372.079413270112" y="21143.065636984167" scale="7.665455736655697" rotation="-0.26179938779914985"/></localToWorld></zArrow><zCircleFrame><id><string value="31_54607785"/></id><width><double value="800"/></width><height><double value="800"/></height><styleClasses><array><token value="circle"/></array></styleClasses><localToWorld><transform2D x="28443.63169282805" y="21812.72502603075" scale="1.0457221496669902" rotation="0"/></localToWorld></zCircleFrame><zText><id><string value="32_54607785"/></id><text><text><width>-180.43200000000002</width><p><span><![CDATA[Logistic Regression]]></span></p></text></text><styleClasses><array><token value="body"/></array></styleClasses><localToWorld><transform2D x="28451.39296676141" y="21578.14291684974" scale="1.9163639341639245" rotation="0"/></localToWorld></zText><zText><id><string value="33_54607785"/></id><text><text><width>552</width><p><span><![CDATA[With random_state=2000 and class_weight='balanced' accuracy: 0.815]]></span></p></text></text><styleClasses><array><token value="body"/></array></styleClasses><localToWorld><transform2D x="28466.385691755535" y="21749.84296529938" scale="1.1899112294639114" rotation="0"/></localToWorld></zText><zText><id><string value="34_54607785"/></id><text><text><width>552</width><p><span><![CDATA[With random_state=2000 and solver='newton-cg' accuracy: 0.843]]></span></p></text></text><styleClasses><array><token value="body"/></array></styleClasses><localToWorld><transform2D x="28466.38714466095" y="21872.777711675993" scale="1.1899112294639114" rotation="0"/></localToWorld></zText><zText><id><string value="35_54607785"/></id><text><text><width>533.688</width><p><span><![CDATA[With penalty='l1' and random_state=100 accuracy: ]]></span></p><p><span><![CDATA[0.837]]></span></p></text></text><styleClasses><array><token value="body"/></array></styleClasses><localToWorld><transform2D x="28447.174882030828" y="22004.33195881362" scale="1.0817374813308287" rotation="0"/></localToWorld></zText><zArrow><id><string value="36_54607785"/></id><startEndDistance><double value="416.755501908867"/></startEndDistance><arcHeight><double value="12.324641676091629"/></arcHeight><styleClasses><array><token value="line3"/></array></styleClasses><localToWorld><transform2D x="26385.60189041565" y="21985.66322943538" scale="7.665455736655698" rotation="0"/></localToWorld></zArrow><zText><id><string value="37_54607785"/></id><text><text><width>-117.528</width><p><span><![CDATA[THANK YOU]]></span></p></text></text><styleClasses><array><token value="body"/></array></styleClasses><localToWorld><transform2D x="39263.13501052744" y="5449.679101418003" scale="78.86406280552218" rotation="1.5707963267948966"/></localToWorld></zText></array></zObjects></prezi>